Sample ID;Sampling Site;Marine Area;Habitat;Replica;Collector Name;Sampling date;Latitude;Longitude;Filtration Depth (m);Reef depth (m);Sampling Time;Filtration Duration (min);Filtration Volume (L);Conservation;Weather;Extraction date;Qubit Concentration (ng/킠);DNA Volume for 2 ng/킠 (킠);H2O Volume for 50 킠 final (킠);PCR date;Barcod;Primers;Purification date;Amplicon Concentration (ng/킠);Amplicon Concentration diluted (ng/킠);Gel;Sequencing date;Run name;Quantity;Volume for Pool (킠);
A1L;Afareaitu;non-MPA;Barrier reef;1;Coline ;01/03/2024;17.81416;149.82527;1;1;8h45;8;20;DNA/RNA Shield + cool box;cloud;05/03/2024;4,14;24,15;25,85;31/05/2024;1;Mi-Fish-U;31/07/2024;28,60;;IMG_0196_1;10/08/2024;CG;100;3,50;
A2L;Afareaitu;non-MPA;Barrier reef;2;Coline ;01/03/2024;17.81416;149.82527;1;1;8h55;8;20;DNA/RNA Shield + cool box;cloud;05/03/2024;3,46;28,90;21,10;31/05/2024;2;Mi-Fish-U;31/07/2024;31,30;;IMG_0196_2;10/08/2024;CG;100;3,19;
A3L;Afareaitu;non-MPA;Barrier reef;3;Coline ;01/03/2024;17.81416;149.82527;1;1;9h05;7;20;DNA/RNA Shield + cool box;cloud;05/03/2024;4,46;22,42;27,58;31/05/2024;3;Mi-Fish-U;31/07/2024;14,90;;IMG_0196_3;10/08/2024;CG;100;6,71;
A1F;Afareaitu;non-MPA;Fringing reef;1;Coline ;01/03/2024;17.75694;149.89249;1;1;9h36;8;20;DNA/RNA Shield + cool box;cloud;05/03/2024;11,5;8,70;41,30;31/05/2024;4;Mi-Fish-U;31/07/2024;12,60;;IMG_0196_4;10/08/2024;CG;100;7,94;
A2F;Afareaitu;non-MPA;Fringing reef;2;Coline ;01/03/2024;17.75694;149.89249;1;1;9h46;8;20;DNA/RNA Shield + cool box;cloud;05/03/2024;12,8;7,81;42,19;31/05/2024;5;Mi-Fish-U;31/07/2024;22,80;;IMG_0196_5;10/08/2024;CG;100;4,39;
A3F;Afareaitu;non-MPA;Fringing reef;3;Coline ;01/03/2024;17.75694;149.89249;1;1;9h56;8;20;DNA/RNA Shield + cool box;cloud;05/03/2024;8,02;12,47;37,53;19/12/2024;11;Mi-Fish-U;07/12/2024;7,94;;IMG000909_12;07/01/2025;Run_1;190;23,93;
A1P;Afareaitu;non-MPA;Outer slope;1;Coline ;28/02/2024;17.60861;149.79583;5;7;10h28;17;20;DNA/RNA Shield ;sunny;04/03/2024;3,5;11,43;8,57;31/05/2024;7;Mi-Fish-U;31/07/2024;93,40;;IMG_0196_7;10/08/2024;CG;100;1,07;
A2P;Afareaitu;non-MPA;Outer slope;2;Coline;28/02/2024;17.60861;149.79583;5;7;10h50;17;20;DNA/RNA Shield ;sunny;04/03/2024;5,14;19,46;30,54;19/12/2024;10;Mi-Fish-U;07/12/2024;4,04;;IMG000909_11;07/01/2025;Run_1;100;24,75;
A3P;Afareaitu;non-MPA;Outer slope;3;Coline;28/02/2024;17.60861;149.79583;5;7;11h11;17;20;DNA/RNA Shield ;sunny;04/03/2024;9,74;10,27;39,73;31/05/2024;9;Mi-Fish-U;31/07/2024;16,80;;IMG_0196_9;10/08/2024;CG;100;5,95;
ABP;Afareaitu;non-MPA;Outer slope;B;Coline ;28/02/2024;17.60861;149.79583;;;9h50;;1,5;DNA/RNA Shield ;sunny;04/03/2024;0,602;5,00;15,00;31/05/2024;10;Mi-Fish-U;05/06/2024;21,20;;IMG_0196_10;10/08/2024;CG;100;4,72;
E1L;Entre 2 baies;non-MPA;Barrier reef;1;Lucie;26/02/2024;17.69361;149.89055;1;2;13h;8;20;DNA/RNA Shield ;sunny;29/02/2024;23,4;4,27;45,73;18/12/2024;13;Mi-Fish-U;07/12/2024;69;23,4;IM000907_7;07/01/2025;Run_1;50;2,14;
E2L;Entre 2 baies;non-MPA;Barrier reef;2;Lucie;26/02/2024;17.69361;149.89055;1;2;13h10;8;20;DNA/RNA Shield ;sunny;29/02/2024;20,4;4,90;45,10;18/07/2024;14;Mi-Fish-U;31/07/2024;17,3;;IMG_0194_2;10/08/2024;CG;100;5,78;
E3L;Entre 2 baies;non-MPA;Barrier reef;3;Lucie;26/02/2024;17.69361;149.89055;1;2;13h20;8;20;DNA/RNA Shield ;sunny;29/02/2024;19,7;5,08;44,92;18/12/2024;15;Mi-Fish-U;07/12/2024;57,8;19,6;IM000907_8;07/01/2025;Run_1;200;10,20;
E1F;Entre 2 baies;non-MPA;Fringing reef;1;Lucie;26/02/2024;17.49527;149.88638;1;1;12h;8;20;DNA/RNA Shield ;sunny;29/02/2024;13;7,69;42,31;19/12/2024;3;Mi-Fish-U;07/12/2024;TOO HIGH;35,4;IMG000909_5;07/01/2025;Run_1;50;1,41;
E2F;Entre 2 baies;non-MPA;Fringing reef;2;Lucie;26/02/2024;17.49527;149.88638;1;1;12h10;8;20;DNA/RNA Shield ;sunny;29/02/2024;15,2;6,58;43,42;18/07/2024;17;Mi-Fish-U;31/07/2024;5,48;;IMG_0194_5;10/08/2024;CG;100;18,25;
E3F;Entre 2 baies;non-MPA;Fringing reef;3;Lucie;26/02/2024;17.49527;149.88638;1;1;12h20;8;20;DNA/RNA Shield ;sunny;29/02/2024;3,04;32,89;17,11;18/12/2024;4;Mi-Fish-U;07/12/2024;83,2;;IM000907_6;07/01/2025;Run_1;200;2,40;
E1P;Entre 2 baies;non-MPA;Outer slope;1;Lucie;21/02/2024;17.61444;149.89500;4;6;9h49;22;20;DNA/RNA Shield ;sunny;26/02/2024;25,2;15,87;184,13;19/12/2024;1;Mi-Fish-U;07/12/2024;11,8;;IMG000909_3;07/01/2025;Run_1;200;16,95;
E2P;Entre 2 baies;non-MPA;Outer slope;2;Coline;21/02/2024;17.61444;149.89500;5;6;10h13;22;20;DNA/RNA Shield ;sunny;26/02/2024;10,6;9,43;40,57;18/07/2024;20;Mi-Fish-U;31/07/2024;6,02;;IMG_0194_8;10/08/2024;CG;100;16,61;
E3P;Entre 2 baies;non-MPA;Outer slope;3;Lucie;21/02/2024;17.61444;149.89500;5;6;10h37;22;20;DNA/RNA Shield ;sunny;26/02/2024;21;4,76;45,24;19/12/2024;2;Mi-Fish-U;07/12/2024;8,7;;IMG000909_4;07/01/2025;Run_1;200;22,99;
H1L;Haapiti;non-MPA;Barrier reef;1;Lucie;28/02/2024;17.56555;150.09777;1;1;8h45;7;20;DNA/RNA Shield + cool box;sunny;06/03/2024;17,8;5,62;44,38;18/07/2024;13;Mi-Fish-U;19/07/2024;13,30;;IMG_0171bis_1;05/08/2024;AE;100;7,52;
H2L;Haapiti;non-MPA;Barrier reef;2;Lucie;28/02/2024;17.56555;150.09777;1;1;8h55;7;20;DNA/RNA Shield + cool box;sunny;06/03/2024;14,7;6,80;43,20;18/07/2024;14;Mi-Fish-U;19/07/2024;42,00;;IMG_0171bis_2;05/08/2024;AE;100;2,38;
H3L;Haapiti;non-MPA;Barrier reef;3;Lucie;28/02/2024;17.56555;150.09777;1;1;9h04;7;20;DNA/RNA Shield + cool box;sunny;06/03/2024;11,5;8,70;41,30;31/07/2024;15;Mi-Fish-U;19/07/2024;35,60;;IMG_0171bis_3;05/08/2024;AE;100;2,81;
H1F;Haapiti;non-MPA;Fringing reef;1;Lucie;28/02/2024;17.74916;150.03750;1;1;9h27;7;20;DNA/RNA Shield + cool box;sunny;06/03/2024;21;4,76;45,24;19/12/2024;5;Mi-Fish-U;09/01/2025;9,22;;IMG000909_20;10/01/2025;Run_2;200;21,69;
H2F;Haapiti;non-MPA;Fringing reef;2;Lucie;28/02/2024;17.74916;150.03750;1;1;9h36;7;20;DNA/RNA Shield + cool box;sunny;06/03/2024;7,08;14,12;35,88;18/07/2024;17;Mi-Fish-U;19/07/2024;7,80;;IMG_0171bis_5;05/08/2024;AE;100;12,82;
H3F;Haapiti;non-MPA;Fringing reef;3;Lucie;28/02/2024;17.74916;150.03750;1;1;9h47;7;20;DNA/RNA Shield + cool box;sunny;06/03/2024;13;7,69;42,31;19/12/2024;6;Mi-Fish-U;09/01/2025;7,84;;IMG000909_21;10/01/2025;Run_2;200;25,51;
H1P;Haapiti;non-MPA;Outer slope;1;Lucie;22/02/2024;17.62305;150.12333;5;7;8h46;22;20;DNA/RNA Shield ;sunny;26/02/2024;6,1;16,39;33,61;18/07/2024;19;Mi-Fish-U;19/07/2024;12,10;;IMG_0171bis_7;05/08/2024;AE;100;8,26;
H2P;Haapiti;non-MPA;Outer slope;2;Coline;22/02/2024;17.62305;150.12333;5;7;8h46;22;20;DNA/RNA Shield ;sunny;26/02/2024;3,5;11,43;8,57;31/07/2024;10;Mi-Fish-U;31/07/2024;4,38;;IMG_0171bis_8 et ;05/08/2024;AE;100;22,83;
H3P;Haapiti;non-MPA;Outer slope;3;Coline;22/02/2024;17.62305;150.12333;5;7;9h09;8;;DNA/RNA Shield ;sunny;26/02/2024;19,6;5,10;44,90;19/12/2024;4;Mi-Fish-U;09/01/2025;6,5;;IMG000909_19;10/01/2025;Run_2;200;30,77;
HBP;Haapiti;non-MPA;Outer slope;B;Lucie;22/02/2024;17.62305;150.12333;;;9h20;;1,5;DNA/RNA Shield ;sunny;26/02/2024;1,3;5,00;15,00;18/07/2024;22;Mi-Fish-U;19/07/2024;18,70;;IMG_0171bis_10;05/08/2024;AE;100;5,35;
M1L;Motu Ahi;MPA;Barrier reef;1;Coline ;29/02/2024;17.74500;149.85334;1;2;9h00;9;20;DNA/RNA Shield + cool box;sunny;05/03/2024;3;33,33;16,67;31/05/2024;1;Mi-Fish-U;05/06/2024;38,40;;IMG_0202_1;05/08/2024;AE;100;2,60;
M2L;Motu Ahi;MPA;Barrier reef;2;Coline ;29/02/2024;17.74500;149.85334;1;2;9h11;8;20;DNA/RNA Shield + cool box;sunny;05/03/2024;4,82;20,75;29,25;31/05/2024;2;Mi-Fish-U;05/06/2024;39,00;;IMG_0202_2;05/08/2024;AE;100;2,56;
M3L;Motu Ahi;MPA;Barrier reef;3;Coline ;29/02/2024;17.74500;149.85334;1;2;9h21;8;20;DNA/RNA Shield + cool box;sunny;05/03/2024;4,02;24,88;25,12;31/05/2024;3;Mi-Fish-U;05/06/2024;35,20;;IMG_0202_3;05/08/2024;AE;100;2,84;
M1F;Motu Ahi;MPA;Fringing reef;1;Coline ;29/02/2024;17.71889;149.91501;1;1;9h42;8;20;DNA/RNA Shield + cool box;sunny;05/03/2024;20,2;4,95;45,05;31/05/2024;4;Mi-Fish-U;05/06/2024;49,60;;IMG_0202_4;05/08/2024;AE;100;2,02;
M2F;Motu Ahi;MPA;Fringing reef;2;Coline ;29/02/2024;17.71889;149.91501;1;1;9h52;8;20;DNA/RNA Shield + cool box;sunny;05/03/2024;21,6;4,63;45,37;19/12/2024;8;Mi-Fish-U;09/01/2025;TOO HIGH;35,2;IMG000909_23;10/01/2025;Run_2;200;5,68;
M3F;Motu Ahi;MPA;Fringing reef;3;Coline ;29/02/2024;17.71889;149.91501;1;1;10h03;7;20;DNA/RNA Shield + cool box;sunny;05/03/2024;14,6;6,85;43,15;19/12/2024;10;Mi-Fish-U;09/01/2025;65,4;30;IMG000909_24;10/01/2025;Run_2;200;6,67;
M1P;Motu Ahi;MPA;Outer slope;1;Coline;28/02/2024;17.79667;149.83278;7;9;8h53;18;20;DNA/RNA Shield ;sunny;04/03/2024;3,88;25,77;24,23;19/12/2024;7;Mi-Fish-U;09/01/2025;9,4;;IMG000909_22;10/01/2025;Run_2;200;21,28;
M2P;Motu Ahi;MPA;Outer slope;2;Coline;28/02/2024;17.79667;149.83278;7;9;9h13;18;20;DNA/RNA Shield ;sunny;04/03/2024;3,72;26,88;23,12;31/05/2024;8;Mi-Fish-U;05/06/2024;6,84;;IMG_0202_8;05/08/2024;AE;100;14,62;
M3P;Motu Ahi;MPA;Outer slope;3;Coline;28/02/2024;17.79667;149.83278;7;9;9h33;17;20;DNA/RNA Shield ;sunny;04/03/2024;3,26;30,67;19,33;31/05/2024;9;Mi-Fish-U;05/06/2024;4,86;;;05/08/2024;AE;100;20,58;
P1L;Pihaena;MPA;Barrier reef;1;Lucie;26/02/2024;17.73277;150.00972;1;1;10h50;8;20;DNA/RNA Shield ;sunny;27/02/2024;11;9,09;40,91;31/05/2024;1;Mi-Fish-U;04/06/2024;24,00;;IMG_0138_1;07/08/2024;BF;100;4,17;
P2L;Pihaena;MPA;Barrier reef;2;Lucie;26/02/2024;17.73277;150.00972;1;1;11h;8;20;DNA/RNA Shield ;sunny;27/02/2024;21;4,76;45,24;31/05/2024;2;Mi-Fish-U;04/06/2024;19,50;;IMG_0138_2;07/08/2024;BF;100;5,13;
P3L;Pihaena;MPA;Barrier reef;3;Lucie;26/02/2024;17.73277;150.00972;1;1;11h10;8;20;DNA/RNA Shield ;sunny;27/02/2024;17;5,88;44,12;31/05/2024;3;Mi-Fish-U;04/06/2024;30,40;;IMG_0138_3;07/08/2024;BF;100;3,29;
P1F;Pihaena;MPA;Fringing reef;1;Lucie;26/02/2024;17.50361;150.00472;1;1;11h25;8;20;DNA/RNA Shield ;sunny;27/02/2024;13;7,69;42,31;31/05/2024;4;Mi-Fish-U;04/06/2024;9,70;;IMG_0138_4;07/08/2024;BF;100;10,31;
P2F;Pihaena;MPA;Fringing reef;2;Lucie;26/02/2024;17.50361;150.00472;1;1;11h35;8;20;DNA/RNA Shield ;sunny;27/02/2024;20;5,00;45,00;31/05/2024;5;Mi-Fish-U;04/06/2024;9,50;;IMG_0138_5;07/08/2024;BF;100;10,53;
P3F;Pihaena;MPA;Fringing reef;3;Lucie;26/02/2024;17.50361;150.00472;1;1;11h45;8;20;DNA/RNA Shield ;sunny;27/02/2024;8,64;11,57;38,43;31/05/2024;6;Mi-Fish-U;04/06/2024;13,30;;IMG_0138_6;07/08/2024;BF;100;7,52;
P1P;Pihaena;MPA;Outer slope;1;Lucie;21/02/2024;17.63222;150.02277;4;9;8h31;22;20;DNA/RNA Shield ;sunny;27/02/2024;21,6;4,63;45,37;19/12/2024;7;Mi-Fish-U;07/12/2024;9,12;;IMG000909_8;07/01/2025;Run_1;200;21,93;
P2P;Pihaena;MPA;Outer slope;2;Coline;21/02/2024;17.63222;150.02277;4;9;8h37;22;20;DNA/RNA Shield ;sunny;27/02/2024;30,6;3,27;46,73;19/12/2024;8;Mi-Fish-U;07/12/2024;114;35,8;IMG000909_9;07/01/2025;Run_1;50;1,40;
P3P;Pihaena;MPA;Outer slope;3;Lucie;21/02/2024;17.63222;150.02277;4;9;8h52;22;20;DNA/RNA Shield ;sunny;27/02/2024;27,8;3,60;46,40;19/12/2024;9;Mi-Fish-U;07/12/2024;118;35,8;IMG000909_10;07/01/2025;Run_1;50;1,40;
PBP;Pihaena;MPA;Outer slope;B;Lucie;21/02/2024;17.63223;150.02278;;;10h37;;1,5;DNA/RNA Shield ;sunny;27/02/2024;0,414;5,00;15,00;31/05/2024;10;Mi-Fish-U;04/06/2024;33,00;;IMG_0138_9;07/08/2024;BF;100;3,03;
T1L;Taotaha;MPA;Barrier reef;1;Lucie;28/02/2024;17.77388;150.16388;1;1;10h22;7;20;DNA/RNA Shield + cool box;cloud;06/03/2024;6,8;14,71;35,29;07/06/2024;13;Mi-Fish-U;09/06/2024;10,60;;IMG_0139_1;07/08/2024;BF;100;9,43;
T2L;Taotaha;MPA;Barrier reef;2;Lucie;28/02/2024;17.77388;150.16388;1;1;10h31;7;20;DNA/RNA Shield + cool box;cloud;06/03/2024;13,5;7,41;42,59;07/06/2024;14;Mi-Fish-U;09/06/2024;32,60;;IMG_0139_2;07/08/2024;BF;100;3,07;
T3L;Taotaha;MPA;Barrier reef;3;Lucie;28/02/2024;17.77388;150.16388;1;1;10h40;8;20;DNA/RNA Shield + cool box;cloud;06/03/2024;10,2;9,80;47,20;07/06/2024;15;Mi-Fish-U;09/06/2024;21,20;;IMG_0139_3;07/08/2024;BF;100;4,72;
T1F;Taotaha;MPA;Fringing reef;1;Lucie;28/02/2024;17.73638;150.08722;1;1;11h12;8;20;DNA/RNA Shield + cool box;rainy;06/03/2024;15,6;6,41;43,59;07/06/2024;16;Mi-Fish-U;10/06/2024;11,20;;IMG_0139_4;07/08/2024;BF;100;8,93;
T2F;Taotaha;MPA;Fringing reef;2;Lucie;28/02/2024;17.73638;150.08722;1;1;11h21;8;20;DNA/RNA Shield + cool box;rainy;06/03/2024;20,4;4,90;45,10;19/12/2024;2;Mi-Fish-U;09/01/2025;11,2;;IMG000909_17;10/01/2025;Run_2;200;17,86;
T3F;Taotaha;MPA;Fringing reef;3;Lucie;28/02/2024;17.73638;150.08722;1;1;11h30;8;20;DNA/RNA Shield + cool box;rainy;06/03/2024;15,8;6,33;43,67;19/12/2024;3;Mi-Fish-U;09/01/2025;73,4;34,4;IMG000909_18;10/01/2025;Run_2;200;5,81;
T1P;Taotaha;MPA;Outer slope;1;Lucie;22/02/2024;17.53388;149.95250;6;9;10h06;22;20;DNA/RNA Shield ;sunny;27/02/2024;3,32;12,05;7,95;18/07/2024;11;Mi-Fish-U;18/07/2024;20,40;;IMG_0169bis_1;07/08/2024;BF;100;4,90;
T2P;Taotaha;MPA;Outer slope;2;Coline;22/02/2024;17.53388;149.95250;6;9;10h06;8;20;DNA/RNA Shield ;sunny;27/02/2024;3,36;29,76;20,24;19/12/2024;12;Mi-Fish-U;07/12/2025;4,14;;IMG000909_13;07/01/2025;Run_1;100;24,15;
T3P;Taotaha;MPA;Outer slope;3;Coline;22/02/2024;17.53388;149.95250;6;9;10h16;13;20;DNA/RNA Shield ;sunny;27/02/2024;2,72;36,76;13,24;19/12/2024;1;Mi-Fish-U;09/01/2025;5,58;;IMG000909_16;10/01/2025;Run_2;200;35,84;
TN_1;Control;;;;;;;;;;;;;;;;;;;31/05/2024;11;Mi-Fish-U;07/06/2024;1,61;;;05/08/2024;AE;10;6,21;
TN_19/12;Control;;;;;;;;;;;;;;;;;;;19/12/2024;13;Mi-Fish-U;09/01/2025;1,15;;;10/01/2025;Run_2;20;17,47;
TN_2;Control;;;;;;;;;;;;;;;;;;;19/12/2024;22;Mi-Fish-U;09/01/2025;1,97;;IMG_0139_10;10/08/2024;CG;10;5,08;
TP_1;Control;;;;;;;;;;;;;;;;;;;31/05/2024;24;Mi-Fish-U;04/06/2024;36,00;9,58;;05/08/2024;AE;10;1,04;
TP_18/12;Control;;;;;;;;;;;;;;;;;;;19/12/2024;24;Mi-Fish-U;07/12/2024;108;14,4;IMG000909_2 et 15;07/01/2025;Run_1;25;1,74;
TP_2;Control;;;;;;;;;;;;;;;;;;;19/12/2024;20;Mi-Fish-U;10/06/2024;39,60;8,24;IMG_0139_9 et IMG_0194_10;;;10;1,21;
;;;;;;;;;;;;;;;;;;;;;;;;;;;;;;;
